{
  "sarimax": {
    "rmse": 2.2951109247327675,
    "mae": 1.871800211942368,
    "coverage_90": 0.7316455696202532,
    "mean_width": 5.818530816027351
  },
  "gru_mc": null
}